year,SeaLevel
1992.9614,-19.33
1992.9865,-22.59
1993.0123,-24.03
1993.0406,-23.94
1993.0641,-24.22
1993.0975,-23.31
1993.1206,-22.16
1993.1493,-20.84
1993.1765,-20.61
1993.2037,-19.89
1993.2308,-20.43
1993.2851,-20.18
1993.3123,-17.44
1993.3394,-18.86
1993.3665,-20.56
1993.3937,-20.09
1993.4208,-19.6
1993.448,-18.07
1993.4741,-15.85
1993.5023,-16.32
1993.5294,-17.29
1993.5837,-19.38
1993.6117,-19.59
1993.6381,-17.48
1993.6652,-17.4
1993.6924,-20.09
1993.7189,-22.51
1993.7466,-20.14
1993.7738,-15.31
1993.8009,-17.67
1993.8553,-20.28
1993.8824,-21.27
1993.9097,-20.5
1993.9367,-16.99
1993.9638,-12.4
1993.9907,-15.07
1994.0181,-19.14
1994.0452,-16.03
1994.0723,-14.2
1994.0995,-17.75
1994.1267,-19.41
1994.1538,-17.46
1994.1809,-14.16
1994.2353,-12.29
1994.2624,-13.03
1994.2896,-12.63
1994.3168,-13.58
1994.3439,-14.9
1994.371,-16.7
1994.3982,-16.83
1994.4253,-15.27
1994.4524,-12.77
1994.5068,-17.61
1994.5339,-15.13
1994.5611,-15.68
1994.5882,-13.83
1994.6154,-14.42
1994.6425,-14.97
1994.6697,-15.4
1994.6968,-14.57
1994.724,-14.89
1994.751,-13.84
1994.7781,-13.94
1994.8054,-13.34
1994.8325,-12.89
1994.8869,-15.93
1994.914,-17.12
1994.9412,-11.86
1994.9684,-9.66
1994.9955,-10.41
1995.0226,-10.31
1995.0497,-11.13
1995.0769,-6.52
1995.104,-10.32
1995.1312,-13.81
1995.1583,-9.89
1995.2126,-6.7
1995.2398,-11.94
1995.2669,-9.58
1995.2941,-8.57
1995.3212,-8.92
1995.3755,-9.83
1995.4028,-9.28
1995.4299,-7.14
1995.457,-8.47
1995.484,-10.84
1995.5384,-13.08
1995.5655,-11.48
1995.5927,-11.97
1995.6199,-10.0
1995.647,-10.77
1995.674,-10.89
1995.7013,-7.45
1995.7285,-2.24
1995.7556,-7.84
1995.7827,-9.87
1995.8371,-8.47
1995.8643,-9.82
1995.89,-5.63
1995.9456,-7.34
1995.9727,-4.03
1996.0001,-5.87
1996.0269,-8.1
1996.0536,-10.36
1996.0814,-9.66
1996.1084,-6.79
1996.1632,-5.21
1996.1899,-8.75
1996.216,-7.47
1996.2443,-6.9
1996.2714,-8.43
1996.2986,-8.12
1996.3257,-6.96
1996.3529,-3.36
1996.38,-4.77
1996.4071,-3.73
1996.4343,-7.11
1996.4886,-6.9
1996.5157,-5.41
1996.5429,-2.34
1996.5701,-2.0
1996.5973,-5.63
1996.6244,-7.79
1996.6515,-6.77
1996.6786,-9.79
1996.7054,-5.81
1996.7335,-3.8
1996.76,-3.61
1996.8144,-0.74
1996.8415,1.25
1996.8687,-0.43
1996.8959,-6.13
1996.923,-5.73
1996.9501,-5.12
1996.977,-7.8
1997.0044,-5.44
1997.0316,-2.67
1997.0587,-5.14
1997.0858,-5.1
1997.1402,-3.72
1997.1673,-2.04
1997.1944,-4.49
1997.2216,-5.32
1997.2487,-3.16
1997.2759,-5.48
1997.3031,-6.86
1997.3302,-2.39
1997.3573,0.2
1997.3845,-1.61
1997.4116,-1.18
1997.4659,-4.6
1997.4931,-1.86
1997.5202,-0.63
1997.5474,1.59
1997.5745,0.09
1997.6288,0.33
1997.656,1.02
1997.683,1.52
1997.7102,4.1
1997.7374,2.9
1997.7917,-0.59
1997.8189,1.83
1997.846,2.59
1997.8731,-2.62
1997.9001,-3.28
1997.9274,-2.93
1997.9546,-3.98
1997.9817,-1.15
1998.0089,-2.51
1998.036,-0.26
1998.0903,-0.25
1998.1175,-0.24
1998.1446,-1.03
1998.1717,-2.08
1998.1989,-0.74
1998.2261,-0.27
1998.2532,-2.22
1998.2803,-0.63
1998.3075,0.69
1998.3347,-1.23
1998.3617,-1.93
1998.4158,-3.84
1998.4432,-2.68
1998.4704,-2.12
1998.4976,0.47
1998.5247,-0.85
1998.5518,-3.69
1998.6062,-1.76
1998.6333,-4.36
1998.6604,-2.07
1998.6875,-3.47
1998.7147,-5.06
1998.7419,-6.42
1998.7689,-5.75
1998.8234,-2.79
1998.8505,-5.35
1998.8776,-5.3
1998.9046,-8.4
1998.9319,-3.72
1998.9591,-4.05
1998.9862,-3.91
1999.0134,-5.18
1999.0405,-2.55
1999.0948,-4.5
1999.1255,-0.14
1999.1491,-4.25
1999.1762,-6.92
1999.2035,-6.2
1999.2305,-2.83
1999.2576,-3.97
1999.2847,-5.29
1999.3391,-4.67
1999.3663,-4.96
1999.3933,-6.39
1999.4206,-5.1
1999.4478,-6.87
1999.4749,-7.15
1999.502,-5.71
1999.5292,-4.48
1999.5566,-6.39
1999.5834,-2.57
1999.6106,-5.62
1999.6378,-2.76
1999.6921,-5.37
1999.7192,-1.92
1999.7462,-1.62
1999.7735,0.5
1999.8007,-0.87
1999.8278,-1.5
1999.8549,-2.89
1999.8822,-0.37
1999.908,-1.47
1999.9636,2.99
1999.9907,0.93
2000.0178,-0.15
2000.045,2.66
2000.0722,3.9
2000.0993,0.94
2000.1264,-1.32
2000.1536,1.93
2000.1807,-0.06
2000.2078,0.05
2000.235,4.21
2000.2893,-1.13
2000.3166,-0.18
2000.3436,-2.1
2000.3707,-0.9
2000.3978,0.06
2000.425,-0.17
2000.4522,-0.97
2000.4794,-3.09
2000.5065,0.0
2000.5337,2.67
2000.588,-1.21
2000.6151,-0.2
2000.6423,0.04
2000.6694,-3.08
2000.6965,-2.65
2000.7235,3.44
2000.7508,3.07
2000.778,1.56
2000.8051,0.36
2000.8595,3.19
2000.8859,3.24
2000.9145,3.6
2000.941,1.13
2000.968,-0.08
2000.9952,4.67
2001.0223,5.97
2001.0767,3.07
2001.1038,2.48
2001.1309,2.28
2001.1581,3.51
2001.1852,7.8
2001.2124,2.19
2001.2395,5.15
2001.2666,4.42
2001.2937,5.32
2001.321,3.88
2001.3481,4.77
2001.3753,5.86
2001.4023,4.22
2001.4296,2.56
2001.4567,2.73
2001.484,9.06
2001.511,10.1
2001.5381,9.43
2001.5653,6.83
2001.5924,10.04
2001.6196,5.02
2001.6468,5.04
2001.6738,6.03
2001.701,8.97
2001.7283,8.47
2001.7553,8.98
2001.7825,6.13
2001.8096,4.11
2001.8368,9.22
2001.8639,10.27
2001.8917,7.33
2001.9182,4.16
2001.9567,8.22
2001.9725,4.96
2001.9997,8.31
2002.0261,3.96
2002.0537,0.17
2002.054,2.36
2002.0811,8.03
2002.0819,7.3
2002.1082,7.91
2002.1083,8.97
2002.1352,9.78
2002.1354,9.68
2002.1626,9.595
2002.1897,6.45
2002.1898,2.87
2002.2168,5.04
2002.2169,4.49
2002.2439,3.71
2002.244,4.2
2002.2712,5.77
2002.2713,8.46
2002.2983,4.29
2002.2988,3.18
2002.3254,5.965
2002.3526,4.69
2002.3527,6.23
2002.3797,5.890000000000001
2002.4069,5.02
2002.434,3.54
2002.4611,7.155
2002.4883,9.71
2002.5155,6.92
2002.5426,9.21
2002.5427,7.26
2002.5697,10.245000000000001
2002.5969,12.41
2002.6239,12.64
2002.6241,12.42
2002.6512,8.82
2002.655,12.09
2002.6783,8.93
2002.6784,6.39
2002.7055,6.54
2002.7064,6.33
2002.7326,7.35
2002.7327,8.63
2002.7598,7.07
2002.7599,2.19
2002.7863,9.63
2002.7869,10.71
2002.8141,13.41
2002.8143,14.86
2002.8413,5.29
2002.8415,6.95
2002.8684,6.0600000000000005
2002.8943,9.81
2002.8962,8.48
2002.9226,13.65
2002.9227,9.46
2002.9498,11.975
2002.977,7.35
2002.9771,7.7
2003.0041,7.27
2003.0042,10.95
2003.0312,9.51
2003.0313,7.28
2003.0584,13.21
2003.0856,13.215
2003.1127,16.275
2003.1398,8.87
2003.1399,9.8
2003.167,11.75
2003.1671,7.7
2003.1942,10.03
2003.1943,10.6
2003.2211,11.18
2003.2213,11.13
2003.2484,12.44
2003.2485,9.84
2003.2756,12.11
2003.2799,10.91
2003.3028,7.91
2003.3029,10.13
2003.3299,11.0
2003.33,8.61
2003.357,13.1
2003.3571,10.0
2003.3842,11.925
2003.4113,10.66
2003.4114,12.11
2003.4385,9.99
2003.4657,10.969999999999999
2003.4928,8.735
2003.5199,6.7
2003.547,12.6
2003.5471,10.95
2003.5742,9.18
2003.5819,9.81
2003.6014,11.67
2003.6285,7.78
2003.6286,9.94
2003.6556,10.65
2003.6557,10.67
2003.6827,11.04
2003.6829,11.85
2003.71,10.265
2003.7371,11.94
2003.7372,10.01
2003.7642,13.12
2003.7643,13.82
2003.7914,11.865
2003.8186,11.48
2003.8187,12.53
2003.8457,10.954999999999998
2003.8708,9.5
2003.8728,8.77
2003.9112,7.4
2003.9117,9.68
2003.921,11.08
2003.9272,11.55
2003.9543,13.149999999999999
2003.9813,12.63
2003.9815,8.99
2004.0086,9.59
2004.0358,10.83
2004.0359,14.31
2004.0628,12.405
2004.0898,11.23
2004.0901,12.02
2004.1135,6.75
2004.1173,10.85
2004.1444,7.07
2004.1489,11.72
2004.1715,12.100000000000001
2004.1986,10.57
2004.2258,11.02
2004.2259,12.07
2004.2513,14.25
2004.2531,14.88
2004.2801,11.635
2004.3073,14.82
2004.3075,14.89
2004.3344,10.0
2004.3615,12.435
2004.3884,13.84
2004.3887,9.67
2004.4158,13.26
2004.4429,12.84
2004.4702,11.08
2004.4703,16.78
2004.4971,14.98
2004.4973,15.14
2004.5224,15.21
2004.5244,13.98
2004.5516,11.79
2004.5522,12.7
2004.577,8.56
2004.5787,9.08
2004.6059,10.46
2004.606,10.67
2004.633,13.14
2004.6331,12.85
2004.6601,12.82
2004.6602,12.44
2004.687,11.96
2004.6873,14.6
2004.7143,14.66
2004.7145,16.68
2004.7416,11.219999999999999
2004.7685,14.67
2004.7687,13.38
2004.7959,14.64
2004.796,12.62
2004.8231,10.71
2004.8232,13.06
2004.8502,12.705
2004.8774,13.07
2004.9044,8.55
2004.9045,8.59
2004.9317,12.955
2004.9542,13.8
2004.959,13.23
2004.9859,16.08
2004.986,19.72
2005.013,9.9
2005.0131,15.15
2005.0401,12.43
2005.0402,14.72
2005.0674,15.91
2005.0675,16.49
2005.0945,15.54
2005.1217,14.384999999999998
2005.1488,11.55
2005.1491,16.43
2005.1759,15.28
2005.176,19.66
2005.2031,18.24
2005.2033,13.7
2005.2301,13.0
2005.2304,12.97
2005.2574,12.855
2005.2844,18.83
2005.2847,14.41
2005.3106,9.53
2005.3117,15.74
2005.3389,17.14
2005.3395,14.34
2005.366,16.83
2005.3933,16.14
2005.4201,12.89
2005.4203,16.35
2005.4474,17.41
2005.4475,13.73
2005.4744,13.75
2005.4746,17.72
2005.5017,16.55
2005.5018,13.79
2005.5289,18.95
2005.5291,16.02
2005.556,15.02
2005.5561,16.43
2005.5831,15.25
2005.5833,16.58
2005.6102,13.7
2005.6103,14.45
2005.6376,15.115
2005.6646,17.17
2005.6647,12.54
2005.6918,18.105
2005.7137,17.72
2005.7191,17.28
2005.7462,14.28
2005.7511,17.08
2005.7734,17.55
2005.8004,16.37
2005.8275,17.05
2005.8547,20.12
2005.8819,19.36
2005.9091,18.02
2005.9362,18.74
2005.9633,19.95
2005.9906,20.76
2006.0176,19.08
2006.0447,14.14
2006.0719,17.18
2006.0991,18.05
2006.1262,16.83
2006.1535,17.12
2006.1804,18.03
2006.2076,13.99
2006.2348,17.74
2006.2619,16.32
2006.289,16.35
2006.3163,16.16
2006.3434,16.76
2006.3705,20.14
2006.3975,20.07
2006.4248,19.73
2006.4519,18.78
2006.4791,18.46
2006.5064,20.04
2006.5334,19.21
2006.5605,18.85
2006.5877,16.97
2006.6148,14.72
2006.642,17.34
2006.6691,20.01
2006.6963,19.82
2006.7235,20.45
2006.7507,19.4
2006.7777,20.63
2006.8049,19.81
2006.8244,19.36
2006.8894,17.57
2006.9135,16.69
2006.9403,20.93
2006.9679,19.68
2006.9949,18.99
2007.022,16.31
2007.0492,15.05
2007.0765,17.98
2007.1035,17.11
2007.1303,15.95
2007.1578,18.12
2007.1849,16.5
2007.2121,18.14
2007.2392,18.97
2007.2661,21.54
2007.2935,21.47
2007.3207,20.78
2007.3479,15.27
2007.375,20.45
2007.4021,21.57
2007.4292,19.12
2007.4564,15.54
2007.4836,15.79
2007.5107,16.34
2007.5378,15.37
2007.565,15.37
2007.5922,16.76
2007.6193,19.98
2007.6466,16.78
2007.6736,15.26
2007.7008,15.48
2007.7279,20.75
2007.755,20.04
2007.7822,18.02
2007.8093,17.86
2007.8365,15.37
2007.8637,19.46
2007.8908,24.11
2007.918,23.16
2007.9451,20.95
2007.9723,15.81
2007.9995,18.13
2008.0266,19.34
2008.0537,22.47
2008.0808,22.05
2008.108,20.16
2008.1351,21.38
2008.1623,18.11
2008.1894,21.96
2008.2166,22.29
2008.2437,21.11
2008.2709,19.86
2008.2981,21.09
2008.3253,20.79
2008.3456,20.06
2008.3795,25.45
2008.4066,25.37
2008.4338,23.1
2008.4609,21.59
2008.4881,23.41
2008.5152,24.63
2008.5423,24.62
2008.5425,22.6
2008.5695,22.215
2008.5922,21.46
2008.5968,20.12
2008.6238,22.29
2008.6507,21.04
2008.6509,18.44
2008.6781,21.055
2008.7052,19.675
2008.7324,21.53
2008.7595,22.384999999999998
2008.7867,22.15
2008.8138,23.365000000000002
2008.841,21.41
2008.8411,21.79
2008.8681,24.475
2008.8953,23.42
2008.9224,27.18
2008.9225,27.75
2008.9495,22.62
2008.9496,22.47
2008.9768,21.34
2008.9769,21.05
2009.0039,23.055
2009.031,24.16
2009.0317,23.72
2009.0582,23.405
2009.0853,22.35
2009.1124,20.11
2009.1267,20.25
2009.1396,22.03
2009.1531,23.52
2009.1667,23.33
2009.1803,26.83
2009.1939,24.03
2009.2074,27.59
2009.221,24.86
2009.2346,26.74
2009.2482,24.85
2009.2617,25.81
2009.2753,24.13
2009.2889,23.55
2009.3025,24.99
2009.316,25.96
2009.3296,25.23
2009.3432,28.16
2009.3567,24.54
2009.3703,24.04
2009.3839,23.78
2009.3975,24.57
2009.4107,23.21
2009.4246,23.73
2009.4382,25.49
2009.4518,27.58
2009.4653,25.99
2009.4789,25.56
2009.4925,24.06
2009.5061,25.15
2009.5197,22.41
2009.5332,24.82
2009.5468,23.83
2009.5604,27.65
2009.574,27.24
2009.5875,27.08
2009.6011,24.2
2009.6147,24.92
2009.6283,25.05
2009.6418,24.35
2009.6554,25.28
2009.6689,26.92
2009.6826,26.07
2009.6947,29.2
2009.7097,28.7
2009.736,23.79
2009.7369,28.05
2009.7504,29.61
2009.764,27.38
2009.7776,28.34
2009.7911,28.43
2009.8047,27.51
2009.8184,28.83
2009.8319,30.06
2009.8455,28.47
2009.859,26.58
2009.8726,25.12
2009.8862,27.27
2009.8998,27.84
2009.9133,28.28
2009.9269,26.86
2009.9405,27.64
2009.954,25.12
2009.9676,28.37
2009.9812,29.74
2009.9948,28.48
2010.0084,26.84
2010.0219,29.7
2010.0355,26.28
2010.0491,26.95
2010.0626,25.3
2010.0762,22.56
2010.0898,21.69
2010.1033,24.5
2010.117,25.72
2010.1305,28.76
2010.1441,28.12
2010.1576,31.61
2010.1712,31.7
2010.185,30.8
2010.1983,25.48
2010.212,26.14
2010.2255,26.01
2010.2391,26.87
2010.2527,25.8
2010.2655,25.93
2010.2799,28.47
2010.2935,31.47
2010.3069,28.63
2010.3205,28.87
2010.3341,25.97
2010.3477,27.77
2010.3612,26.17
2010.3748,28.95
2010.3884,30.29
2010.4019,27.27
2010.4155,30.1
2010.4277,28.12
2010.4427,30.35
2010.4562,30.14
2010.4698,30.81
2010.4833,28.59
2010.497,30.26
2010.5106,27.04
2010.5242,29.96
2010.5377,28.67
2010.5513,30.45
2010.5639,29.11
2010.5785,28.43
2010.592,28.57
2010.6055,26.77
2010.6192,31.29
2010.6328,27.81
2010.6463,27.6
2010.6599,23.84
2010.6733,25.88
2010.687,25.55
2010.7006,25.79
2010.7142,25.01
2010.7277,25.36
2010.7414,24.0
2010.7549,24.04
2010.7685,25.18
2010.7821,26.02
2010.7956,28.39
2010.8093,29.46
2010.8228,26.75
2010.8364,29.27
2010.8499,25.74
2010.8635,26.76
2010.8771,27.04
2010.8906,22.5
2010.9043,23.0
2010.9178,21.46
2010.9314,24.25
2010.9449,24.35
2010.9586,23.82
2010.9721,26.2
2010.9857,26.34
2010.9993,26.62
2011.0129,23.94
2011.0264,23.43
2011.04,23.46
2011.0536,23.26
2011.0671,25.06
2011.0807,25.65
2011.0943,23.62
2011.1078,23.56
2011.1214,22.43
2011.135,24.48
2011.1486,23.21
2011.1621,24.9
2011.1757,23.77
2011.1892,24.06
2011.2029,24.04
2011.2164,22.98
2011.23,21.76
2011.2436,23.6
2011.2571,23.74
2011.2706,18.66
2011.2843,23.91
2011.2978,22.78
2011.3115,23.27
2011.325,22.09
2011.3386,20.71
2011.3521,22.19
2011.3657,24.19
2011.3793,21.75
2011.3929,25.1
2011.4064,24.27
2011.42,25.29
2011.4336,25.0
2011.4471,25.91
2011.4607,25.79
2011.4743,28.14
2011.4879,25.81
2011.5014,26.24
2011.5151,24.13
2011.5286,25.41
2011.5422,22.22
2011.5557,24.46
2011.5693,24.49
2011.583,25.41
2011.5965,26.15
2011.61,27.93
2011.6236,25.15
2011.6372,28.27
2011.6508,29.14
2011.6644,27.61
2011.6778,27.03
2011.6916,26.13
2011.7051,22.96
2011.7187,25.63
2011.7319,26.17
2011.7459,27.76
2011.7591,27.89
2011.773,30.1
2011.7867,29.72
2011.8002,31.16
2011.8137,25.81
2011.8273,26.77
2011.8408,25.89
2011.8544,26.32
2011.868,22.04
2011.8816,27.17
2011.8952,27.04
2011.9087,29.86
2011.922,27.73
2011.9358,30.33
2011.9495,28.77
2011.9631,31.22
2011.9765,31.13
2011.9902,30.84
2012.0037,28.65
2012.0173,32.93
2012.0309,29.46
2012.0445,32.73
2012.058,31.37
2012.0716,34.31
2012.0848,31.71
2012.0987,32.64
2012.1119,31.89
2012.1259,34.03
2012.127,30.96
2012.1531,32.19
2012.1672,28.7
2012.1802,31.63
2012.2073,32.8
2012.2345,35.11
2012.2616,32.89
2012.2888,32.46
2012.3159,32.81
2012.343,33.24
2012.3645,36.32
2012.3702,35.62
2012.3944,33.97
2012.3973,34.71
2012.4242,36.13
2012.4245,34.17
2012.4517,37.76
2012.454,38.46
2012.4745,35.82
2012.4788,36.16
2012.4949,37.08
2012.506,35.62
2012.5247,37.77
2012.5331,39.05
2012.5546,40.48
2012.5603,40.06
2012.5844,38.03
2012.5874,38.09
2012.6048,40.54
2012.6145,37.69
2012.6252,36.16
2012.6417,33.72
2012.6552,35.6
2012.6688,36.48
2012.6849,36.04
2012.696,35.32
2012.7147,37.67
2012.7232,38.75
2012.735,36.23
2012.7503,38.83
2012.7555,38.92
2012.7775,40.12
2012.7852,37.95
2012.8046,37.34
2012.8151,36.1
2012.8318,36.71
2012.8355,36.86
2012.856,40.14
2012.8589,38.6
2012.8858,39.36
2012.886,38.79
2012.9132,37.23
2012.9156,36.97
2012.9404,40.53
2012.9454,37.77
2012.9658,34.77
2012.9675,37.72
2012.9862,35.33
2012.9946,38.64
2013.0162,39.11
2013.0218,38.82
2013.0459,37.9
2013.0489,38.9
2013.0758,42.35
2013.0761,41.06
2013.0961,39.94
2013.1031,40.26
2013.1167,40.55
2013.1304,37.83
2013.1464,39.66
2013.1575,39.77
2013.1847,41.3
2013.2118,40.15
2013.2196,37.51
2013.2265,38.88
2013.2469,40.23
2013.2765,36.89
2013.2933,37.9
2013.3066,34.32
2013.3204,40.65
2013.3269,35.2
2013.3473,41.67
2013.3475,40.97
2013.3747,39.04
2013.3771,41.45
2013.4018,38.11
2013.407,39.87
2013.429,37.95
2013.4368,35.78
2013.4561,36.71
2013.4572,31.93
2013.4833,38.27
2013.5104,37.09
2013.5376,36.89
2013.5648,38.17
2013.5919,37.97
2013.619,33.75
2013.6462,33.68
2013.6696,37.43
2013.7071,33.22
2013.7276,35.08
2013.7548,36.31
2013.7819,36.85
2013.8091,39.83
2013.8362,41.15
2013.8634,39.3
2013.8906,38.24
2013.9177,37.4
2013.9448,35.12
2013.972,37.12
2013.9992,38.64
2014.0263,38.5
2014.0534,38.67
2014.0806,36.7
2014.1077,38.99
2014.1349,41.53
2014.162,41.35
2014.1891,41.56
2014.2163,40.5
2014.2435,40.1
2014.2705,40.68
2014.2978,40.84
2014.3249,38.59
2014.352,38.21
2014.3791,38.26
2014.4063,39.31
2014.4334,38.52
2014.4606,40.65
2014.4878,42.17
2014.5149,42.86
2014.5421,42.32
2014.5692,39.47
2014.5964,41.24
2014.6235,42.91
2014.6507,43.24
2014.6777,42.62
2014.705,42.41
2014.7322,39.51
2014.7593,41.59
2014.7864,44.79
2014.8136,44.32
2014.8407,41.8
2014.8679,41.8
2014.895,38.38
2014.9222,39.77
2014.9493,48.01
2014.9776,45.57
2015.0036,41.83
2015.0308,45.09
2015.0579,44.93
2015.085,47.04
2015.1122,47.4
2015.1394,49.63
2015.1664,48.72
2015.1936,47.32
2015.2207,46.86
2015.2479,48.25
2015.275,49.42
2015.3023,48.69
2015.3293,48.13
2015.3565,47.04
2015.3837,45.28
2015.4108,47.61
2015.438,48.79
2015.465,49.39
2015.4923,50.37
2015.5194,49.02
2015.5466,49.24
2015.5736,49.16
2015.6009,51.01
2015.628,49.57
2015.6551,53.2
2015.6823,53.49
2015.7094,51.82
2015.7366,53.46
2015.7638,54.09
2015.7909,54.54
2015.8181,56.53
2015.8452,53.06
2015.8723,49.61
2015.8995,52.53
2015.9267,53.36
2015.9538,52.31
2015.981,51.73
2016.008,48.03
2016.0353,51.47
2016.0624,55.69
2016.0896,52.28
2016.1167,55.22
2016.1228,54.35
2016.1438,54.435
2016.171,54.89
2016.1958,53.25
2016.1981,52.58
2016.2252,56.735
2016.2513,53.88
2016.2524,54.78
2016.2795,53.17
2016.2796,54.24
2016.3067,52.66
2016.3338,52.17
2016.3339,52.72
2016.361,52.64
2016.3881,51.885
2016.4153,54.325
2016.4425,53.965
2016.4696,56.025000000000006
2016.4967,53.16
2016.4968,54.86
2016.5238,52.38
2016.5239,54.15
2016.5511,53.019999999999996
2016.5781,50.05
2016.5782,50.86
2016.6053,49.855000000000004
2016.6325,48.78
2016.6596,52.37
2016.6868,53.595
2016.7139,52.81
2016.7411,50.775
2016.7682,49.78
2016.7905,48.64
2016.7954,52.27
2016.8089,52.43
2016.8226,52.44
2016.8361,52.05
2016.8497,54.22
2016.8633,53.1
2016.8768,55.48
2016.8904,54.63
2016.904,58.79
2016.9175,55.09
2016.9298,55.02
2016.9446,54.21
2016.9583,53.37
2016.9718,53.71
2016.9854,52.28
2016.999,51.33
2017.0126,51.83
2017.0261,53.69
2017.0397,53.72
2017.0532,53.86
2017.0669,53.21
2017.0804,52.4
2017.094,50.94
2017.1075,49.68
2017.1212,51.0
2017.1347,51.93
2017.1483,51.37
2017.1619,51.15
2017.1755,52.98
2017.189,53.36
2017.2026,53.45
2017.2035,54.75
2017.2297,54.52
2017.2507,55.08
2017.2569,55.62
2017.2704,53.98
2017.284,53.48
2017.2976,55.64
2017.3111,53.63
2017.3247,53.89
2017.3383,53.36
2017.3521,53.31
2017.3655,53.15
2017.3714,52.42
2017.3926,50.1
2017.4198,52.74
2017.447,52.65
2017.4741,52.67
2017.5012,53.67
2017.5284,53.81
2017.5555,53.59
2017.5827,56.73
2017.6098,54.08
2017.637,53.47
2017.6641,54.3
2017.6913,55.76
2017.7185,56.24
2017.7456,53.04
2017.7727,53.04
2017.7999,54.69
2017.8271,56.03
2017.8542,57.57
2017.8813,57.29
2017.9085,58.15
2017.9356,57.18
2017.9628,57.2
2017.9899,54.22
2018.017,54.66
2018.0442,55.84
2018.0713,56.9
2018.0985,57.51
2018.1256,53.34
2018.1527,52.08
2018.1799,55.67
2018.2071,56.22
2018.2342,55.17
2018.2614,53.37
2018.2886,54.63
2018.3156,54.87
2018.3428,55.59
2018.37,55.58
2018.3971,54.51
2018.4243,55.84
2018.4514,55.42
2018.4786,55.0
2018.5057,55.56
2018.5328,57.66
2018.56,57.4
2018.5871,56.11
2018.6143,56.52
2018.6415,55.89
2018.6686,56.33
2018.6958,58.9
2018.7229,58.31
2018.75,61.26
2018.7772,58.8
2018.8044,59.62
2018.8315,61.12
2018.8586,58.83
2018.8858,58.21
2018.9129,57.02
2018.9401,57.59
2018.9673,57.93
2018.9944,58.86
2019.0215,57.09
2019.0487,62.16
2019.0758,59.5
2019.103,61.98
2019.1301,60.77
2019.1463,60.52
2019.1877,61.11
2019.2115,63.48
2019.2387,62.63
2019.2596,61.55
2019.293,61.07
2019.3202,63.01
2019.3473,65.33
2019.3745,62.31
2019.4016,61.13
2019.4287,60.33
2019.4559,64.68
2019.483,63.93
2019.5102,65.34
2019.5374,63.2
2019.5645,62.7
2019.5917,62.67
2019.6187,65.76
2019.6459,66.62
2019.6731,64.95
2019.7002,64.85
2019.7274,64.89
2019.7545,62.38
2019.7817,64.18
2019.8088,63.76
2019.836,61.93
2019.8631,65.4
2019.8903,63.84
2019.9174,63.5
2019.9446,64.6
2019.9717,63.76
2019.9989,63.6
2020.026,61.13
2020.0531,60.17
2020.0749,61.76
2020.1119,68.19
2020.1346,66.4
2020.1617,62.99
2020.1889,64.73
2020.216,61.64
2020.2432,63.88
2020.2703,66.65
2020.2975,64.21
2020.3247,63.94
2020.3518,65.56
2020.3789,66.23
2020.4061,67.24
2020.4332,67.52
2020.4595,64.45
2020.4875,67.15
2020.5147,65.62
2020.5418,66.64
2020.569,67.2
2020.5961,66.83
2020.6233,63.99
2020.6504,65.35
2020.6776,66.38
2020.7048,65.79
2020.7319,65.87
2020.759,66.91
2020.7862,68.27
2020.8115,68.53
2020.8413,69.55
2020.8676,67.38
2020.8948,64.18
2020.9219,67.78
2020.949,66.11
2020.9762,66.7
2020.9768,66.81
2021.0034,67.295
2021.0304,68.12
2021.0305,69.56
2021.0576,68.515
2021.0848,70.525
2021.1119,68.53
2021.139,65.9
2021.1391,66.43
2021.1656,64.67
2021.1662,65.09
2021.1933,64.83
2021.1934,67.11
2021.2205,68.1
2021.2217,65.86
2021.2477,70.08500000000001
2021.2748,72.125
2021.3015,72.24
2021.302,70.39
2021.3291,68.38
2021.3301,67.37
2021.3562,69.86
2021.3563,69.79
2021.3834,71.12
2021.4105,70.37
2021.4377,67.535
2021.4649,71.64
2021.4919,71.72
2021.492,71.26
2021.5191,71.74
2021.5192,71.19
2021.5463,70.25999999999999
2021.5735,73.13
2021.6005,73.0
2021.6006,76.02
2021.6278,73.58500000000001
2021.6549,68.705
2021.6821,69.87
2021.7092,71.84
2021.7094,71.72
2021.7363,71.53
2021.7635,73.17500000000001
2021.7906,72.495
2021.8178,73.965
2021.8449,71.07499999999999
2021.8721,69.05
2021.8992,72.155
2021.9264,74.755
2021.9535,70.715
2021.9807,67.86500000000001
2022.0078,69.66999999999999
2022.035,72.07
2022.0621,74.26
2022.0622,74.0
2022.0892,71.65
2022.0893,72.77
2022.1164,73.74
2022.1166,73.74
2022.1435,71.1
2022.1707,69.795
2022.1979,72.35
2022.225,72.08500000000001
2022.2522,73.43
2022.2659,67.31
2022.2793,73.79
2022.3064,70.32
2022.32,68.3
2022.3336,72.58
2022.339,72.36
2022.3607,70.67
2022.3661,70.46
2022.3879,71.98
2022.3933,71.7
2022.415,70.77
2022.4204,70.54
2022.4422,72.32
2022.4476,71.75
2022.4693,70.41
2022.4747,71.86
2022.4965,73.2
2022.5019,74.75
2022.5236,74.79
2022.5291,74.58
2022.5508,76.97
2022.5562,75.36
2022.5779,74.16
2022.5833,71.8
2022.605,69.09
2022.6104,69.84
2022.6323,70.3
2022.6376,71.13
2022.6594,70.98
2022.6648,72.66
2022.6865,74.3
2022.6919,74.73
2022.7137,75.51
2022.7191,73.31
2022.7408,75.51
2022.7463,75.21
2022.768,74.17
2022.7734,74.02
2022.7951,73.73
2022.8005,73.18
2022.8222,73.04
2022.8277,73.03
2022.8494,76.7
2022.8548,74.18
2022.8766,72.71
2022.882,69.61
2022.9037,73.13
2022.9091,71.08
2022.9309,69.62
2022.9358,68.69
2022.958,75.0
2022.9634,76.23
2022.9852,76.63
2022.9906,78.96
2023.0123,76.5
2023.0177,76.69
2023.0395,78.27
2023.0449,77.88
2023.0666,77.77
2023.0721,77.14
2023.0937,74.95
2023.0992,74.74
2023.1209,73.49
2023.1263,75.26
2023.148,73.78
2023.1534,75.0
2023.1752,77.62
2023.1806,77.78
2023.2023,78.91
2023.2077,76.63
2023.2295,75.48
2023.2349,73.68
2023.2566,72.95
2023.2621,70.97
2023.2838,70.84
2023.2889,71.93
2023.3109,74.65
2023.3163,76.37
2023.3381,75.9
2023.3435,77.7
2023.3652,79.88
2023.3707,80.29
2023.3924,77.97
2023.3978,77.02
2023.4195,77.24
2023.4249,76.54
2023.4467,76.27
2023.452,76.41
2023.4739,76.52
2023.4792,77.89
2023.501,79.38
2023.5064,79.44
2023.5281,82.34
2023.5335,80.54
2023.5552,79.48
2023.5607,79.77
2023.5824,78.74
2023.5878,79.47
2023.6096,79.55
2023.6149,79.28
2023.6367,77.06
2023.6421,77.56
2023.6639,81.43
2023.6693,81.48
2023.691,79.56
2023.6964,79.86
2023.7182,82.0
2023.7236,82.78
2023.7453,81.94
2023.7507,81.43
2023.7724,83.74
2023.7779,84.48
2023.7996,86.56
2023.805,85.51
2023.8268,81.73
2023.8322,82.32
2023.8539,82.35
2023.8593,82.24
2023.881,80.31
2023.8865,79.73
2023.9082,75.68
2023.9136,77.05
2023.9354,77.7
2023.9408,79.62
2023.9625,79.62
2023.9679,81.86
2023.9896,82.15
2023.995,83.49
2024.0168,83.73
2024.0222,83.43
2024.0439,83.49
2024.0493,84.19
2024.0711,83.77
2024.0765,80.93
2024.0982,79.63
2024.1036,79.2
2024.1254,82.95
2024.1308,83.29
2024.1525,85.01
2024.1579,83.3
2024.1796,84.32
2024.185,84.26
2024.2068,85.69
2024.2122,84.09
2024.234,83.75
2024.2394,82.13
2024.2611,81.8
2024.2665,80.02
2024.2883,81.58
2024.2937,81.87
2024.3154,81.38
2024.3208,81.51
2024.3425,82.42
2024.3479,82.03
2024.3697,83.38
2024.3751,83.21
2024.3968,82.25
2024.4023,81.53
2024.424,82.6
2024.4294,84.53
2024.4512,83.1
2024.4566,84.88
2024.4783,81.03
2024.4837,81.02
2024.5054,82.66
2024.511,82.12
2024.5326,81.87
2024.538,82.68
2024.5597,77.99
2024.5652,77.97
2024.5869,75.82
2024.5923,76.74
2024.614,76.61
2024.6194,78.82
2024.6412,80.51
2024.6466,81.68
2024.6683,80.09
2024.6738,81.71
2024.6955,80.12
2024.7009,81.41
2024.7226,76.99
2024.728,77.86
2024.7498,78.47
2024.7552,79.15
2024.7769,83.22
2024.7823,83.16
2024.8041,84.1
2024.8095,81.55
2024.8312,80.12
2024.8366,79.53
2024.8584,82.7
2024.8637,81.11
2024.8855,82.71
2024.8911,81.07
2024.9127,81.53
2024.9181,81.23
2024.9398,81.99
2024.9453,82.43
2024.967,87.43
2024.9724,85.6
2024.9941,86.37
2024.9995,85.23
2025.0197,83.6
2025.0213,84.96
2025.0484,82.6
2025.0756,81.77
2025.1027,82.01
2025.1268,83.6
